{"OFFENSE_INVOLVING_CHILDREN":7.385059162972859E-5,"PUBLIC_PEACE_VIOLATION":7.396844813735742E-5,"NARCOTICS":0.0010440198031875841,"WEAPONS_VIOLATION":1.504615814622335E-4,"CRIMINAL_DAMAGE":0.0012539052037794395,"SEX_OFFENSE":4.095726633790097E-5,"RITUALISM":3.2659032234493215E-8,"CRIM_SEXUAL_ASSAULT":3.7121959987232874E-5,"CRIMINAL_TRESPASS":3.0291536389077104E-4,"OBSCENITY":1.104727264279814E-6,"OTHER_NARCOTIC_VIOLATION":2.0589389886963113E-7,"ASSAULT":7.176353747415216E-4,"NON-CRIMINAL(SUBJECT_SPECIFIED)":1.2779621309149519E-8,"ARSON":1.8710785554518135E-5,"THEFT":0.002302849421044816,"INTIMIDATION":6.581504974212002E-6,"BATTERY":0.0020126512003145716,"HOMICIDE":1.7823311852493863E-5,"CONCEALED_CARRY_LICENSE_VIOLATION":1.5307146412514647E-6,"ROBBERY":4.1320065587288493E-4,"LIQUOR_LAW_VIOLATION":2.0964258778698165E-5,"PROSTITUTION":9.821990950835348E-5,"INTERFERENCE_WITH_PUBLIC_OFFICER":2.6022148901274898E-5,"STALKING":6.665282491683094E-6,"DOMESTIC_VIOLENCE":1.4199579232388354E-9,"MOTOR_VEHICLE_THEFT":5.287639314556776E-4,"GAMBLING":2.061778904542789E-5,"OTHER_OFFENSE":6.809791609531109E-4,"NON-CRIMINAL":2.981911638801554E-7,"DECEPTIVE_PRACTICE":4.637738772669593E-4,"PUBLIC_INDECENCY":2.754718371083341E-7,"HUMAN_TRAFFICKING":1.3063612893797286E-7,"BURGLARY":6.004064885147697E-4,"KIDNAPPING":1.0162638856620344E-5,"CRIMINAL_SEXUAL_ASSAULT":8.3876914525718E-6}