{"UPDATE_RUNNING":2.394064416203049E-9,"SUBMIT":2.68165140419944E-4,"LOST":6.3841717765414635E-9,"SCHEDULE":2.68165140419944E-4,"KILL":1.0866698286219242E-4,"EVICT":8.778236192744513E-9,"FAIL":4.039983702342645E-6,"FINISH":1.5385135762140066E-4}