{"NFLX":0.0033749319388814802,"BABA":2.844441773378818E-4,"NVDA":0.0035640735319730932,"AMAT":0.0032496819762488456,"GOOG":0.0031527942571829702,"META":6.045976495076309E-4,"AAPL":0.003691205234406917,"CSCO":0.003299234457680158,"ORCL":2.5513863268215414E-4,"MSFT":0.0035133005939782186,"TSLA":0.003595358063964955,"INTC":0.0034379386167724575,"AMD":0.0037022914533906665,"ADBE":0.003179639439204585,"AMZN":0.0034272219384214996}