{"TYPE_0":0.34980007755400083,
  "TYPE_3":0.06627472156440264,
  "TYPE_4":0.05070559651280412,
  "TYPE_1":0.15225932727783167,
  "TYPE_2":0.09359968685318282,
  "TYPE_7":0.028847748095092253,
  "TYPE_8":0.025045452934930837,
  "TYPE_5":0.040741630057189566,
  "TYPE_6":0.0338611928655608,
  "TYPE_9":0.022070892803243803,
  "TYPE_12":0.01610971579232444,
  "TYPE_13":0.014738940261496327,
  "TYPE_10":0.019685601042231084,
  "TYPE_11":0.01773382449794434,
  "TYPE_16":0.01167565344318676,
  "TYPE_17":0.010901666580255301,
  "TYPE_14":0.013567829911557493,
  "TYPE_15":0.012556711677003627,
  "TYPE_18":0.01021681619460514,
  "TYPE_19":0.009606914081156133}