{"TYPE_0":0.4695617347808674,"TYPE_3":0.05122952561476281,"TYPE_4":0.03570851785425893,"TYPE_1":0.1551640775820388,"TYPE_2":0.08094254047127024,"TYPE_7":0.016862008431004216,"TYPE_8":0.013911506955753479,"TYPE_20":0.003632001816000908,"TYPE_5":0.026929013464506733,"TYPE_6":0.020991510495755247,"TYPE_23":0.0028625014312507156,"TYPE_24":0.002777001388500694,"TYPE_21":0.0033170016585008294,"TYPE_9":0.01180400590200295,"TYPE_22":0.0031230015615007806,"TYPE_27":0.002252501126250563,"TYPE_28":0.002177001088500544,"TYPE_25":0.0025490012745006375,"TYPE_26":0.0023985011992505995,"TYPE_29":0.002048001024000512,"TYPE_12":0.007779503889751945,"TYPE_13":0.006973503486751744,"TYPE_10":0.010020505010252504,"TYPE_11":0.008780504390252195,"TYPE_16":0.005006002503001252,"TYPE_17":0.004659002329501165,"TYPE_14":0.006110003055001528,"TYPE_15":0.005544002772001386,"TYPE_18":0.0044005022002511,"TYPE_19":0.0039545019772509885,"TYPE_41":0.001220000610000305,"TYPE_42":0.0011590005795002896,"TYPE_40":0.001228500614250307,"TYPE_45":0.0010185005092502547,"TYPE_46":9.905004952502476E-4,"TYPE_43":0.0011375005687502843,"TYPE_44":0.0010730005365002682,"TYPE_49":9.270004635002318E-4,"TYPE_47":9.770004885002442E-4,"TYPE_48":9.255004627502314E-4,"TYPE_30":0.001956000978000489,"TYPE_31":0.001891500945750473,"TYPE_34":0.0015820007910003955,"TYPE_35":0.0015435007717503858,"TYPE_32":0.0017510008755004377,"TYPE_33":0.0016705008352504176,"TYPE_38":0.0013510006755003377,"TYPE_39":0.001271500635750318,"TYPE_36":0.0014695007347503674,"TYPE_37":0.001388500694250347}